ID,Fecha,Nombre,Categor√≠a,Valor,Estado
9695,2021-03-31 02:35:10.240159,Usuario_44,A,266.49,Inactivo
2556,2021-03-31 02:35:10.240159,Usuario_96,A,82.28,Activo
5521,2021-03-31 02:35:10.240159,Usuario_5,A,51.2,Activo
2623,2021-03-31 02:35:10.240159,Usuario_26,B,343.35,Activo
2599,2021-03-31 02:35:10.240159,Usuario_60,C,616.98,Activo
4041,2021-03-31 02:35:10.240159,Usuario_32,C,107.34,Activo
2319,2021-03-31 02:35:10.240159,Usuario_29,B,674.84,Inactivo
9106,2021-03-31 02:35:10.240159,Usuario_89,B,753.04,Inactivo
1251,2021-03-31 02:35:10.240159,Usuario_61,A,949.02,Inactivo
8868,2021-03-31 02:35:10.240159,Usuario_1,A,727.86,Inactivo
7649,2021-03-31 02:35:10.240159,Usuario_3,A,392.31,Inactivo
5295,2021-03-31 02:35:10.240159,Usuario_77,B,917.2,Activo
7738,2021-03-31 02:35:10.240159,Usuario_48,B,863.34,Inactivo
1329,2021-03-31 02:35:10.240159,Usuario_28,A,730.99,Activo
7878,2021-03-31 02:35:10.240159,Usuario_96,A,361.62,Activo
5550,2021-03-31 02:35:10.240159,Usuario_86,A,995.71,Inactivo
5889,2021-03-31 02:35:10.240159,Usuario_70,B,49.74,Inactivo
6258,2021-03-31 02:35:10.240159,Usuario_55,A,455.19,Activo
1749,2021-03-31 02:35:10.240159,Usuario_70,A,662.38,Inactivo
2591,2021-03-31 02:35:10.240159,Usuario_60,C,279.04,Activo
6294,2021-04-30 02:35:10.240159,Usuario_8,B,843.11,Inactivo
3396,2021-04-30 02:35:10.240159,Usuario_6,C,382.28,Activo
2221,2021-04-30 02:35:10.240159,Usuario_82,C,558.85,Activo
2729,2021-04-30 02:35:10.240159,Usuario_32,B,194.27,Activo
9495,2021-04-30 02:35:10.240159,Usuario_56,B,687.49,Inactivo
4155,2021-04-30 02:35:10.240159,Usuario_11,C,794.73,Inactivo
6759,2021-04-30 02:35:10.240159,Usuario_37,A,257.43,Activo
8081,2021-04-30 02:35:10.240159,Usuario_32,A,983.39,Inactivo
1424,2021-04-30 02:35:10.240159,Usuario_96,C,61.03,Activo
2121,2021-04-30 02:35:10.240159,Usuario_40,B,768.03,Inactivo
5957,2021-04-30 02:35:10.240159,Usuario_78,C,825.53,Inactivo
2664,2021-04-30 02:35:10.240159,Usuario_59,A,881.95,Inactivo
9929,2021-04-30 02:35:10.240159,Usuario_68,C,508.5,Inactivo
8787,2021-04-30 02:35:10.240159,Usuario_2,A,649.98,Activo
3322,2021-04-30 02:35:10.240159,Usuario_90,C,522.38,Inactivo
6926,2021-04-30 02:35:10.240159,Usuario_31,A,305.93,Inactivo
3577,2021-04-30 02:35:10.240159,Usuario_61,B,436.88,Inactivo
8546,2021-04-30 02:35:10.240159,Usuario_84,B,220.26,Activo
8893,2021-04-30 02:35:10.240159,Usuario_14,A,718.45,Activo
6608,2021-04-30 02:35:10.240159,Usuario_42,B,951.03,Inactivo
2886,2021-05-31 02:35:10.240159,Usuario_31,B,960.8,Activo
4118,2021-05-31 02:35:10.240159,Usuario_5,C,193.77,Activo
1146,2021-05-31 02:35:10.240159,Usuario_56,C,392.88,Inactivo
4759,2021-05-31 02:35:10.240159,Usuario_49,B,492.8,Activo
5634,2021-05-31 02:35:10.240159,Usuario_67,B,284.93,Activo
9365,2021-05-31 02:35:10.240159,Usuario_8,C,960.4,Inactivo
8889,2021-05-31 02:35:10.240159,Usuario_43,B,961.94,Activo
1930,2021-05-31 02:35:10.240159,Usuario_78,C,511.93,Activo
1705,2021-05-31 02:35:10.240159,Usuario_60,A,122.81,Inactivo
3244,2021-05-31 02:35:10.240159,Usuario_1,C,668.43,Inactivo
2777,2021-05-31 02:35:10.240159,Usuario_33,A,822.96,Inactivo
8217,2021-05-31 02:35:10.240159,Usuario_32,C,905.14,Activo
2290,2021-05-31 02:35:10.240159,Usuario_64,C,347.61,Inactivo
4556,2021-05-31 02:35:10.240159,Usuario_78,C,804.64,Activo
5000,2021-05-31 02:35:10.240159,Usuario_23,C,443.98,Activo
8665,2021-05-31 02:35:10.240159,Usuario_24,C,54.58,Activo
2665,2021-05-31 02:35:10.240159,Usuario_29,B,985.33,Inactivo
3395,2021-05-31 02:35:10.240159,Usuario_29,A,104.3,Activo
7848,2021-05-31 02:35:10.240159,Usuario_78,B,624.5,Inactivo
3355,2021-05-31 02:35:10.240159,Usuario_63,A,705.32,Activo
5909,2021-06-30 02:35:10.240159,Usuario_7,A,946.5,Inactivo
6296,2021-06-30 02:35:10.240159,Usuario_79,A,714.61,Activo
4135,2021-06-30 02:35:10.240159,Usuario_60,C,804.95,Inactivo
1838,2021-06-30 02:35:10.240159,Usuario_88,A,616.13,Activo
5547,2021-06-30 02:35:10.240159,Usuario_11,B,552.05,Activo
6175,2021-06-30 02:35:10.240159,Usuario_21,A,745.36,Activo
3373,2021-06-30 02:35:10.240159,Usuario_2,C,165.57,Activo
3842,2021-06-30 02:35:10.240159,Usuario_13,B,288.06,Activo
3898,2021-06-30 02:35:10.240159,Usuario_76,A,470.74,Inactivo
7360,2021-06-30 02:35:10.240159,Usuario_70,A,884.97,Inactivo
6600,2021-06-30 02:35:10.240159,Usuario_40,C,212.13,Activo
4828,2021-06-30 02:35:10.240159,Usuario_58,A,940.54,Activo
4594,2021-06-30 02:35:10.240159,Usuario_18,C,540.91,Inactivo
8555,2021-06-30 02:35:10.240159,Usuario_80,C,43.04,Inactivo
7710,2021-06-30 02:35:10.240159,Usuario_49,C,161.58,Inactivo
8242,2021-06-30 02:35:10.240159,Usuario_50,C,243.84,Inactivo
1864,2021-06-30 02:35:10.240159,Usuario_91,A,430.54,Inactivo
4725,2021-06-30 02:35:10.240159,Usuario_51,C,204.29,Inactivo
1963,2021-06-30 02:35:10.240159,Usuario_31,A,324.37,Activo
7552,2021-06-30 02:35:10.240159,Usuario_4,C,214.33,Inactivo
3454,2021-07-31 02:35:10.240159,Usuario_11,C,307.67,Inactivo
2091,2021-07-31 02:35:10.240159,Usuario_39,B,135.3,Activo
4499,2021-07-31 02:35:10.240159,Usuario_17,C,613.49,Inactivo
4609,2021-07-31 02:35:10.240159,Usuario_95,C,297.31,Activo
3335,2021-07-31 02:35:10.240159,Usuario_36,B,861.49,Activo
8947,2021-07-31 02:35:10.240159,Usuario_73,A,720.81,Inactivo
7727,2021-07-31 02:35:10.240159,Usuario_62,B,58.17,Activo
7703,2021-07-31 02:35:10.240159,Usuario_37,C,77.36,Activo
5820,2021-07-31 02:35:10.240159,Usuario_87,A,555.15,Inactivo
1353,2021-07-31 02:35:10.240159,Usuario_61,B,258.97,Inactivo
7273,2021-07-31 02:35:10.240159,Usuario_72,A,201.43,Inactivo
5529,2021-07-31 02:35:10.240159,Usuario_86,A,516.43,Activo
7559,2021-07-31 02:35:10.240159,Usuario_76,A,200.54,Inactivo
5357,2021-07-31 02:35:10.240159,Usuario_89,A,22.95,Activo
5217,2021-07-31 02:35:10.240159,Usuario_35,B,464.47,Inactivo
2891,2021-07-31 02:35:10.240159,Usuario_20,A,762.15,Inactivo
3504,2021-07-31 02:35:10.240159,Usuario_19,C,842.24,Activo
2194,2021-07-31 02:35:10.240159,Usuario_40,C,709.03,Activo
3024,2021-07-31 02:35:10.240159,Usuario_94,B,319.94,Activo
7692,2021-07-31 02:35:10.240159,Usuario_17,A,921.6,Inactivo
5655,2021-08-31 02:35:10.240159,Usuario_68,C,278.35,Inactivo
7763,2021-08-31 02:35:10.240159,Usuario_48,C,418.16,Inactivo
8771,2021-08-31 02:35:10.240159,Usuario_97,A,767.43,Inactivo
1416,2021-08-31 02:35:10.240159,Usuario_72,A,325.73,Inactivo
7326,2021-08-31 02:35:10.240159,Usuario_60,C,964.08,Inactivo
4328,2021-08-31 02:35:10.240159,Usuario_69,C,809.74,Inactivo
7807,2021-08-31 02:35:10.240159,Usuario_81,C,370.56,Activo
5368,2021-08-31 02:35:10.240159,Usuario_9,B,45.8,Inactivo
5924,2021-08-31 02:35:10.240159,Usuario_82,B,447.87,Activo
6644,2021-08-31 02:35:10.240159,Usuario_82,C,16.24,Inactivo
5419,2021-08-31 02:35:10.240159,Usuario_12,B,410.41,Inactivo
8503,2021-08-31 02:35:10.240159,Usuario_93,B,55.17,Inactivo
5387,2021-08-31 02:35:10.240159,Usuario_73,B,194.86,Inactivo
9463,2021-08-31 02:35:10.240159,Usuario_43,A,555.85,Inactivo
6817,2021-08-31 02:35:10.240159,Usuario_79,C,977.68,Inactivo
5969,2021-08-31 02:35:10.240159,Usuario_29,C,964.01,Inactivo
1096,2021-08-31 02:35:10.240159,Usuario_94,B,715.81,Inactivo
2969,2021-08-31 02:35:10.240159,Usuario_88,B,448.94,Activo
9219,2021-08-31 02:35:10.240159,Usuario_90,C,200.35,Inactivo
2000,2021-08-31 02:35:10.240159,Usuario_8,C,339.29,Inactivo
7732,2021-09-30 02:35:10.240159,Usuario_46,A,927.03,Inactivo
4112,2021-09-30 02:35:10.240159,Usuario_20,B,11.14,Activo
8034,2021-09-30 02:35:10.240159,Usuario_91,C,479.54,Inactivo
9683,2021-09-30 02:35:10.240159,Usuario_52,A,327.41,Inactivo
4421,2021-09-30 02:35:10.240159,Usuario_52,B,111.78,Activo
2758,2021-09-30 02:35:10.240159,Usuario_26,B,810.44,Inactivo
3860,2021-09-30 02:35:10.240159,Usuario_59,A,89.3,Activo
2495,2021-09-30 02:35:10.240159,Usuario_61,C,748.32,Inactivo
9508,2021-09-30 02:35:10.240159,Usuario_39,B,137.15,Activo
7031,2021-09-30 02:35:10.240159,Usuario_15,C,970.54,Inactivo
7073,2021-09-30 02:35:10.240159,Usuario_67,A,307.86,Activo
4859,2021-09-30 02:35:10.240159,Usuario_54,A,962.34,Inactivo
8641,2021-09-30 02:35:10.240159,Usuario_51,A,714.93,Activo
5972,2021-09-30 02:35:10.240159,Usuario_59,C,801.61,Activo
2272,2021-09-30 02:35:10.240159,Usuario_46,B,569.0,Activo
9634,2021-09-30 02:35:10.240159,Usuario_15,A,767.19,Inactivo
4171,2021-09-30 02:35:10.240159,Usuario_48,B,814.92,Activo
6633,2021-09-30 02:35:10.240159,Usuario_52,A,920.11,Activo
2852,2021-09-30 02:35:10.240159,Usuario_40,C,366.21,Activo
1074,2021-09-30 02:35:10.240159,Usuario_59,B,288.25,Activo
8861,2021-10-31 02:35:10.240159,Usuario_96,C,767.47,Inactivo
7309,2021-10-31 02:35:10.240159,Usuario_48,C,611.58,Activo
7990,2021-10-31 02:35:10.240159,Usuario_5,C,385.5,Inactivo
3613,2021-10-31 02:35:10.240159,Usuario_17,B,637.81,Activo
5865,2021-10-31 02:35:10.240159,Usuario_26,B,28.12,Activo
4691,2021-10-31 02:35:10.240159,Usuario_77,C,78.5,Activo
6876,2021-10-31 02:35:10.240159,Usuario_11,B,855.81,Activo
4057,2021-10-31 02:35:10.240159,Usuario_84,B,573.48,Activo
8696,2021-10-31 02:35:10.240159,Usuario_3,C,482.0,Inactivo
3462,2021-10-31 02:35:10.240159,Usuario_61,C,332.29,Activo
1185,2021-10-31 02:35:10.240159,Usuario_20,B,640.4,Inactivo
8412,2021-10-31 02:35:10.240159,Usuario_54,B,842.08,Activo
8402,2021-10-31 02:35:10.240159,Usuario_67,A,649.82,Inactivo
1623,2021-10-31 02:35:10.240159,Usuario_7,B,726.98,Inactivo
3375,2021-10-31 02:35:10.240159,Usuario_40,C,11.81,Activo
8276,2021-10-31 02:35:10.240159,Usuario_86,A,90.56,Activo
6684,2021-10-31 02:35:10.240159,Usuario_20,B,624.8,Activo
6033,2021-10-31 02:35:10.240159,Usuario_46,A,445.92,Inactivo
5726,2021-10-31 02:35:10.240159,Usuario_89,A,658.38,Inactivo
5528,2021-10-31 02:35:10.240159,Usuario_69,B,93.38,Activo
7986,2021-11-30 02:35:10.240159,Usuario_11,B,845.42,Inactivo
1912,2021-11-30 02:35:10.240159,Usuario_38,B,644.82,Inactivo
4144,2021-11-30 02:35:10.240159,Usuario_23,B,954.2,Inactivo
3537,2021-11-30 02:35:10.240159,Usuario_11,B,782.28,Inactivo
7809,2021-11-30 02:35:10.240159,Usuario_43,B,200.72,Activo
5757,2021-11-30 02:35:10.240159,Usuario_14,C,924.35,Activo
1073,2021-11-30 02:35:10.240159,Usuario_82,C,201.3,Inactivo
9623,2021-11-30 02:35:10.240159,Usuario_68,B,238.26,Activo
7498,2021-11-30 02:35:10.240159,Usuario_39,C,126.26,Inactivo
7386,2021-11-30 02:35:10.240159,Usuario_10,B,134.96,Activo
6442,2021-11-30 02:35:10.240159,Usuario_4,B,32.06,Activo
8428,2021-11-30 02:35:10.240159,Usuario_52,A,443.82,Inactivo
6938,2021-11-30 02:35:10.240159,Usuario_73,A,94.45,Inactivo
6777,2021-11-30 02:35:10.240159,Usuario_76,B,542.33,Activo
1707,2021-11-30 02:35:10.240159,Usuario_82,A,121.46,Activo
1309,2021-11-30 02:35:10.240159,Usuario_96,C,65.44,Activo
9751,2021-11-30 02:35:10.240159,Usuario_1,C,255.05,Activo
6316,2021-11-30 02:35:10.240159,Usuario_68,C,277.49,Inactivo
2223,2021-11-30 02:35:10.240159,Usuario_96,B,241.45,Activo
7875,2021-11-30 02:35:10.240159,Usuario_24,A,416.62,Inactivo
6799,2021-12-31 02:35:10.240159,Usuario_79,B,722.18,Inactivo
1884,2021-12-31 02:35:10.240159,Usuario_42,B,292.11,Inactivo
5338,2021-12-31 02:35:10.240159,Usuario_61,A,912.07,Inactivo
7927,2021-12-31 02:35:10.240159,Usuario_89,A,390.72,Inactivo
5013,2021-12-31 02:35:10.240159,Usuario_75,B,514.15,Inactivo
2140,2021-12-31 02:35:10.240159,Usuario_67,C,79.09,Activo
3361,2021-12-31 02:35:10.240159,Usuario_3,B,669.23,Inactivo
5789,2021-12-31 02:35:10.240159,Usuario_8,A,733.13,Inactivo
5682,2021-12-31 02:35:10.240159,Usuario_37,A,124.33,Activo
4507,2021-12-31 02:35:10.240159,Usuario_81,C,686.12,Activo
6689,2021-12-31 02:35:10.240159,Usuario_96,B,894.56,Activo
9825,2021-12-31 02:35:10.240159,Usuario_43,C,566.81,Activo
6931,2021-12-31 02:35:10.240159,Usuario_37,C,551.98,Inactivo
4343,2021-12-31 02:35:10.240159,Usuario_65,B,159.87,Activo
8054,2021-12-31 02:35:10.240159,Usuario_65,A,288.12,Activo
4415,2021-12-31 02:35:10.240159,Usuario_58,B,71.45,Inactivo
7282,2021-12-31 02:35:10.240159,Usuario_94,C,167.69,Activo
2876,2021-12-31 02:35:10.240159,Usuario_52,A,192.4,Inactivo
4475,2021-12-31 02:35:10.240159,Usuario_48,B,160.43,Inactivo
3433,2021-12-31 02:35:10.240159,Usuario_83,A,336.14,Inactivo
3660,2022-01-31 02:35:10.240159,Usuario_86,A,263.64,Inactivo
6489,2022-01-31 02:35:10.240159,Usuario_27,C,588.25,Activo
3792,2022-01-31 02:35:10.240159,Usuario_4,C,317.18,Activo
3270,2022-01-31 02:35:10.240159,Usuario_83,A,388.56,Inactivo
7172,2022-01-31 02:35:10.240159,Usuario_19,C,227.93,Activo
5380,2022-01-31 02:35:10.240159,Usuario_72,A,395.65,Inactivo
1930,2022-01-31 02:35:10.240159,Usuario_68,C,938.98,Inactivo
5096,2022-01-31 02:35:10.240159,Usuario_3,B,61.9,Inactivo
5019,2022-01-31 02:35:10.240159,Usuario_95,B,257.47,Inactivo
2868,2022-01-31 02:35:10.240159,Usuario_92,B,858.48,Activo
1655,2022-01-31 02:35:10.240159,Usuario_98,A,401.48,Activo
4996,2022-01-31 02:35:10.240159,Usuario_54,A,102.02,Inactivo
2868,2022-01-31 02:35:10.240159,Usuario_89,C,788.93,Activo
3627,2022-01-31 02:35:10.240159,Usuario_2,B,214.76,Inactivo
8949,2022-01-31 02:35:10.240159,Usuario_29,C,27.4,Activo
2610,2022-01-31 02:35:10.240159,Usuario_37,B,329.69,Inactivo
9063,2022-01-31 02:35:10.240159,Usuario_84,B,768.51,Activo
9003,2022-01-31 02:35:10.240159,Usuario_93,C,81.39,Activo
9277,2022-01-31 02:35:10.240159,Usuario_36,C,504.37,Activo
6527,2022-01-31 02:35:10.240159,Usuario_74,C,648.19,Activo
5938,2022-02-28 02:35:10.240159,Usuario_75,A,490.91,Activo
2768,2022-02-28 02:35:10.240159,Usuario_19,C,39.24,Inactivo
1380,2022-02-28 02:35:10.240159,Usuario_23,A,411.29,Inactivo
6269,2022-02-28 02:35:10.240159,Usuario_26,C,181.79,Activo
8068,2022-02-28 02:35:10.240159,Usuario_46,A,229.28,Activo
8306,2022-02-28 02:35:10.240159,Usuario_7,B,22.52,Activo
4024,2022-02-28 02:35:10.240159,Usuario_45,B,71.81,Inactivo
5452,2022-02-28 02:35:10.240159,Usuario_55,C,455.12,Activo
7334,2022-02-28 02:35:10.240159,Usuario_89,C,840.17,Inactivo
9032,2022-02-28 02:35:10.240159,Usuario_12,C,882.35,Activo
7175,2022-02-28 02:35:10.240159,Usuario_93,C,51.34,Activo
1906,2022-02-28 02:35:10.240159,Usuario_19,A,128.87,Inactivo
6797,2022-02-28 02:35:10.240159,Usuario_68,C,60.68,Inactivo
6795,2022-02-28 02:35:10.240159,Usuario_10,C,827.84,Activo
2809,2022-02-28 02:35:10.240159,Usuario_63,B,410.05,Activo
9426,2022-02-28 02:35:10.240159,Usuario_90,C,79.84,Inactivo
4377,2022-02-28 02:35:10.240159,Usuario_4,C,82.34,Inactivo
3458,2022-02-28 02:35:10.240159,Usuario_60,A,369.56,Activo
8287,2022-02-28 02:35:10.240159,Usuario_40,A,47.29,Inactivo
9166,2022-02-28 02:35:10.240159,Usuario_77,A,465.82,Activo
8932,2022-03-31 02:35:10.240159,Usuario_94,B,493.99,Activo
9474,2022-03-31 02:35:10.240159,Usuario_78,A,458.72,Activo
8729,2022-03-31 02:35:10.240159,Usuario_40,C,829.91,Inactivo
3331,2022-03-31 02:35:10.240159,Usuario_98,A,924.93,Activo
2361,2022-03-31 02:35:10.240159,Usuario_75,B,705.27,Activo
3671,2022-03-31 02:35:10.240159,Usuario_29,C,563.33,Inactivo
4303,2022-03-31 02:35:10.240159,Usuario_69,A,347.24,Inactivo
2299,2022-03-31 02:35:10.240159,Usuario_7,A,834.2,Activo
8365,2022-03-31 02:35:10.240159,Usuario_65,A,659.43,Inactivo
5291,2022-03-31 02:35:10.240159,Usuario_47,C,519.48,Inactivo
1101,2022-03-31 02:35:10.240159,Usuario_84,C,212.28,Inactivo
5694,2022-03-31 02:35:10.240159,Usuario_63,A,917.96,Inactivo
6229,2022-03-31 02:35:10.240159,Usuario_70,B,19.36,Inactivo
8690,2022-03-31 02:35:10.240159,Usuario_77,C,43.13,Activo
6172,2022-03-31 02:35:10.240159,Usuario_88,A,122.36,Inactivo
9623,2022-03-31 02:35:10.240159,Usuario_13,C,896.49,Inactivo
6681,2022-03-31 02:35:10.240159,Usuario_30,C,283.51,Inactivo
4404,2022-03-31 02:35:10.240159,Usuario_20,C,408.06,Activo
4503,2022-03-31 02:35:10.240159,Usuario_77,A,501.46,Inactivo
3665,2022-03-31 02:35:10.240159,Usuario_24,A,249.27,Inactivo
3016,2022-04-30 02:35:10.240159,Usuario_40,B,499.38,Inactivo
2303,2022-04-30 02:35:10.240159,Usuario_76,B,539.79,Inactivo
7960,2022-04-30 02:35:10.240159,Usuario_66,B,833.1,Activo
7876,2022-04-30 02:35:10.240159,Usuario_35,B,16.21,Activo
9549,2022-04-30 02:35:10.240159,Usuario_20,C,435.17,Inactivo
7457,2022-04-30 02:35:10.240159,Usuario_99,C,986.55,Activo
6310,2022-04-30 02:35:10.240159,Usuario_12,B,18.77,Activo
6460,2022-04-30 02:35:10.240159,Usuario_2,A,511.41,Inactivo
7862,2022-04-30 02:35:10.240159,Usuario_97,B,570.95,Activo
4637,2022-04-30 02:35:10.240159,Usuario_21,A,794.39,Activo
7267,2022-04-30 02:35:10.240159,Usuario_37,B,743.32,Inactivo
2086,2022-04-30 02:35:10.240159,Usuario_13,B,227.6,Inactivo
9661,2022-04-30 02:35:10.240159,Usuario_39,B,322.31,Activo
1707,2022-04-30 02:35:10.240159,Usuario_39,A,432.41,Inactivo
8294,2022-04-30 02:35:10.240159,Usuario_51,B,654.2,Activo
4961,2022-04-30 02:35:10.240159,Usuario_78,C,267.33,Activo
3040,2022-04-30 02:35:10.240159,Usuario_76,A,984.45,Inactivo
4515,2022-04-30 02:35:10.240159,Usuario_22,A,383.0,Activo
3673,2022-04-30 02:35:10.240159,Usuario_23,A,512.97,Activo
1962,2022-04-30 02:35:10.240159,Usuario_14,C,157.47,Activo
5014,2022-05-31 02:35:10.240159,Usuario_2,B,649.05,Inactivo
7852,2022-05-31 02:35:10.240159,Usuario_69,C,714.7,Inactivo
3045,2022-05-31 02:35:10.240159,Usuario_52,C,204.94,Activo
5637,2022-05-31 02:35:10.240159,Usuario_61,B,425.27,Inactivo
9164,2022-05-31 02:35:10.240159,Usuario_58,A,473.38,Activo
1762,2022-05-31 02:35:10.240159,Usuario_64,A,499.25,Inactivo
2857,2022-05-31 02:35:10.240159,Usuario_46,A,255.86,Inactivo
8640,2022-05-31 02:35:10.240159,Usuario_57,A,531.96,Activo
6756,2022-05-31 02:35:10.240159,Usuario_89,A,370.7,Activo
7633,2022-05-31 02:35:10.240159,Usuario_69,A,866.1,Inactivo
8784,2022-05-31 02:35:10.240159,Usuario_85,B,961.41,Activo
9778,2022-05-31 02:35:10.240159,Usuario_3,A,239.97,Inactivo
5579,2022-05-31 02:35:10.240159,Usuario_33,C,980.24,Inactivo
2457,2022-05-31 02:35:10.240159,Usuario_62,A,206.96,Activo
2525,2022-05-31 02:35:10.240159,Usuario_76,A,631.31,Inactivo
9654,2022-05-31 02:35:10.240159,Usuario_19,A,23.92,Inactivo
6490,2022-05-31 02:35:10.240159,Usuario_5,B,81.91,Activo
2253,2022-05-31 02:35:10.240159,Usuario_78,B,344.71,Inactivo
6347,2022-05-31 02:35:10.240159,Usuario_55,B,612.13,Activo
3570,2022-05-31 02:35:10.240159,Usuario_63,C,490.29,Inactivo
3669,2022-06-30 02:35:10.240159,Usuario_94,C,528.9,Activo
1995,2022-06-30 02:35:10.240159,Usuario_57,C,590.84,Inactivo
9479,2022-06-30 02:35:10.240159,Usuario_54,B,294.37,Inactivo
9774,2022-06-30 02:35:10.240159,Usuario_56,C,945.05,Activo
8109,2022-06-30 02:35:10.240159,Usuario_69,C,422.1,Activo
5475,2022-06-30 02:35:10.240159,Usuario_55,A,441.95,Inactivo
1632,2022-06-30 02:35:10.240159,Usuario_9,B,414.3,Activo
3964,2022-06-30 02:35:10.240159,Usuario_99,A,182.8,Activo
3892,2022-06-30 02:35:10.240159,Usuario_46,B,167.85,Activo
9658,2022-06-30 02:35:10.240159,Usuario_21,A,920.27,Inactivo
3178,2022-06-30 02:35:10.240159,Usuario_32,B,394.27,Inactivo
8334,2022-06-30 02:35:10.240159,Usuario_28,C,863.65,Activo
8115,2022-06-30 02:35:10.240159,Usuario_95,C,857.24,Activo
1733,2022-06-30 02:35:10.240159,Usuario_12,B,677.8,Inactivo
2731,2022-06-30 02:35:10.240159,Usuario_90,C,822.63,Activo
7951,2022-06-30 02:35:10.240159,Usuario_23,B,489.61,Inactivo
7060,2022-06-30 02:35:10.240159,Usuario_14,C,916.71,Activo
4453,2022-06-30 02:35:10.240159,Usuario_62,C,823.97,Activo
1331,2022-06-30 02:35:10.240159,Usuario_68,B,359.64,Inactivo
6134,2022-06-30 02:35:10.240159,Usuario_78,C,972.59,Activo
5629,2022-07-31 02:35:10.240159,Usuario_37,C,816.15,Inactivo
7937,2022-07-31 02:35:10.240159,Usuario_17,B,413.68,Activo
4460,2022-07-31 02:35:10.240159,Usuario_27,C,504.65,Activo
4540,2022-07-31 02:35:10.240159,Usuario_93,A,212.28,Activo
3273,2022-07-31 02:35:10.240159,Usuario_16,A,946.13,Inactivo
5144,2022-07-31 02:35:10.240159,Usuario_9,A,715.02,Inactivo
8576,2022-07-31 02:35:10.240159,Usuario_18,A,827.4,Activo
7575,2022-07-31 02:35:10.240159,Usuario_34,A,966.2,Activo
8848,2022-07-31 02:35:10.240159,Usuario_47,A,606.68,Inactivo
9959,2022-07-31 02:35:10.240159,Usuario_55,A,376.67,Inactivo
2171,2022-07-31 02:35:10.240159,Usuario_35,C,987.04,Activo
4139,2022-07-31 02:35:10.240159,Usuario_53,A,869.53,Inactivo
6266,2022-07-31 02:35:10.240159,Usuario_34,B,407.55,Activo
6361,2022-07-31 02:35:10.240159,Usuario_86,B,20.29,Inactivo
4335,2022-07-31 02:35:10.240159,Usuario_36,A,853.7,Inactivo
6157,2022-07-31 02:35:10.240159,Usuario_40,C,897.18,Inactivo
5945,2022-07-31 02:35:10.240159,Usuario_13,B,990.12,Activo
4773,2022-07-31 02:35:10.240159,Usuario_56,B,237.28,Activo
1183,2022-07-31 02:35:10.240159,Usuario_29,A,701.69,Activo
8158,2022-07-31 02:35:10.240159,Usuario_74,C,79.76,Inactivo
8891,2022-08-31 02:35:10.240159,Usuario_47,C,138.91,Activo
5822,2022-08-31 02:35:10.240159,Usuario_90,A,580.23,Activo
5135,2022-08-31 02:35:10.240159,Usuario_44,B,665.19,Activo
6291,2022-08-31 02:35:10.240159,Usuario_8,C,941.51,Inactivo
2986,2022-08-31 02:35:10.240159,Usuario_92,B,854.01,Activo
1755,2022-08-31 02:35:10.240159,Usuario_57,C,854.64,Activo
7733,2022-08-31 02:35:10.240159,Usuario_71,B,342.02,Inactivo
4239,2022-08-31 02:35:10.240159,Usuario_60,A,428.08,Inactivo
2445,2022-08-31 02:35:10.240159,Usuario_98,C,253.54,Inactivo
6755,2022-08-31 02:35:10.240159,Usuario_5,C,870.82,Activo
3067,2022-08-31 02:35:10.240159,Usuario_55,A,368.31,Activo
4684,2022-08-31 02:35:10.240159,Usuario_83,B,510.48,Inactivo
6419,2022-08-31 02:35:10.240159,Usuario_86,A,149.78,Activo
7432,2022-08-31 02:35:10.240159,Usuario_21,A,319.45,Activo
9810,2022-08-31 02:35:10.240159,Usuario_26,A,695.62,Inactivo
1185,2022-08-31 02:35:10.240159,Usuario_83,B,907.64,Activo
6388,2022-08-31 02:35:10.240159,Usuario_88,B,64.53,Inactivo
8841,2022-08-31 02:35:10.240159,Usuario_37,C,134.25,Activo
1590,2022-08-31 02:35:10.240159,Usuario_96,C,238.64,Inactivo
8421,2022-08-31 02:35:10.240159,Usuario_9,C,456.72,Activo
4226,2022-09-30 02:35:10.240159,Usuario_85,C,246.64,Activo
4874,2022-09-30 02:35:10.240159,Usuario_16,B,682.1,Inactivo
2168,2022-09-30 02:35:10.240159,Usuario_65,A,60.21,Inactivo
7959,2022-09-30 02:35:10.240159,Usuario_71,C,864.3,Activo
8579,2022-09-30 02:35:10.240159,Usuario_68,A,277.56,Inactivo
9053,2022-09-30 02:35:10.240159,Usuario_19,C,504.85,Activo
1269,2022-09-30 02:35:10.240159,Usuario_79,B,813.22,Inactivo
2689,2022-09-30 02:35:10.240159,Usuario_21,C,827.88,Activo
2236,2022-09-30 02:35:10.240159,Usuario_62,A,782.2,Activo
6255,2022-09-30 02:35:10.240159,Usuario_11,A,170.38,Inactivo
9264,2022-09-30 02:35:10.240159,Usuario_93,B,994.88,Activo
3279,2022-09-30 02:35:10.240159,Usuario_13,A,35.04,Activo
1021,2022-09-30 02:35:10.240159,Usuario_35,B,344.98,Activo
6187,2022-09-30 02:35:10.240159,Usuario_10,B,433.67,Inactivo
8925,2022-09-30 02:35:10.240159,Usuario_81,C,667.26,Activo
2143,2022-09-30 02:35:10.240159,Usuario_22,A,86.33,Inactivo
6125,2022-09-30 02:35:10.240159,Usuario_14,C,68.84,Activo
3126,2022-09-30 02:35:10.240159,Usuario_93,B,910.97,Inactivo
5973,2022-09-30 02:35:10.240159,Usuario_43,B,607.43,Inactivo
9315,2022-09-30 02:35:10.240159,Usuario_58,A,964.5,Activo
8401,2022-10-31 02:35:10.240159,Usuario_81,B,62.33,Activo
5388,2022-10-31 02:35:10.240159,Usuario_83,C,937.86,Inactivo
8283,2022-10-31 02:35:10.240159,Usuario_50,C,233.84,Inactivo
8185,2022-10-31 02:35:10.240159,Usuario_29,A,209.96,Inactivo
7075,2022-10-31 02:35:10.240159,Usuario_34,C,163.16,Inactivo
3239,2022-10-31 02:35:10.240159,Usuario_56,B,286.8,Inactivo
3102,2022-10-31 02:35:10.240159,Usuario_65,A,873.72,Inactivo
2856,2022-10-31 02:35:10.240159,Usuario_63,A,773.05,Activo
7256,2022-10-31 02:35:10.240159,Usuario_59,C,499.01,Activo
1669,2022-10-31 02:35:10.240159,Usuario_58,C,523.44,Inactivo
9973,2022-10-31 02:35:10.240159,Usuario_15,C,20.51,Inactivo
9184,2022-10-31 02:35:10.240159,Usuario_97,B,783.78,Activo
7998,2022-10-31 02:35:10.240159,Usuario_23,A,494.87,Activo
3215,2022-10-31 02:35:10.240159,Usuario_83,B,706.05,Activo
4285,2022-10-31 02:35:10.240159,Usuario_40,A,970.75,Activo
7635,2022-10-31 02:35:10.240159,Usuario_82,B,153.33,Inactivo
7081,2022-10-31 02:35:10.240159,Usuario_49,C,288.95,Inactivo
7535,2022-10-31 02:35:10.240159,Usuario_90,C,848.23,Inactivo
3648,2022-10-31 02:35:10.240159,Usuario_70,C,936.22,Activo
2570,2022-10-31 02:35:10.240159,Usuario_6,C,601.59,Inactivo
6123,2022-11-30 02:35:10.240159,Usuario_12,A,950.49,Activo
4896,2022-11-30 02:35:10.240159,Usuario_42,A,672.46,Activo
7347,2022-11-30 02:35:10.240159,Usuario_16,A,40.07,Inactivo
1241,2022-11-30 02:35:10.240159,Usuario_95,C,280.37,Inactivo
4772,2022-11-30 02:35:10.240159,Usuario_9,B,938.53,Activo
1255,2022-11-30 02:35:10.240159,Usuario_59,C,697.79,Inactivo
3624,2022-11-30 02:35:10.240159,Usuario_25,B,671.43,Activo
6678,2022-11-30 02:35:10.240159,Usuario_83,A,814.29,Inactivo
5126,2022-11-30 02:35:10.240159,Usuario_75,C,175.04,Activo
3194,2022-11-30 02:35:10.240159,Usuario_96,C,934.8,Inactivo
5451,2022-11-30 02:35:10.240159,Usuario_73,C,239.31,Activo
4290,2022-11-30 02:35:10.240159,Usuario_52,A,922.32,Inactivo
8586,2022-11-30 02:35:10.240159,Usuario_35,B,433.27,Inactivo
7105,2022-11-30 02:35:10.240159,Usuario_95,A,496.74,Activo
5249,2022-11-30 02:35:10.240159,Usuario_9,C,533.17,Inactivo
3246,2022-11-30 02:35:10.240159,Usuario_27,B,617.02,Activo
6522,2022-11-30 02:35:10.240159,Usuario_29,C,779.79,Activo
4487,2022-11-30 02:35:10.240159,Usuario_29,A,512.41,Inactivo
5398,2022-11-30 02:35:10.240159,Usuario_67,B,878.57,Inactivo
7630,2022-11-30 02:35:10.240159,Usuario_17,A,324.53,Activo
8965,2022-12-31 02:35:10.240159,Usuario_88,B,997.79,Activo
7754,2022-12-31 02:35:10.240159,Usuario_82,C,667.5,Activo
1584,2022-12-31 02:35:10.240159,Usuario_87,B,278.98,Inactivo
1564,2022-12-31 02:35:10.240159,Usuario_36,B,68.57,Inactivo
4555,2022-12-31 02:35:10.240159,Usuario_85,B,60.24,Activo
9803,2022-12-31 02:35:10.240159,Usuario_72,C,62.46,Inactivo
1318,2022-12-31 02:35:10.240159,Usuario_61,B,476.76,Activo
6981,2022-12-31 02:35:10.240159,Usuario_91,C,87.5,Inactivo
3751,2022-12-31 02:35:10.240159,Usuario_42,C,145.22,Activo
1669,2022-12-31 02:35:10.240159,Usuario_57,A,220.4,Activo
9858,2022-12-31 02:35:10.240159,Usuario_46,A,77.08,Activo
8245,2022-12-31 02:35:10.240159,Usuario_64,A,627.15,Activo
3865,2022-12-31 02:35:10.240159,Usuario_6,B,812.55,Activo
6578,2022-12-31 02:35:10.240159,Usuario_18,B,71.99,Inactivo
5603,2022-12-31 02:35:10.240159,Usuario_31,B,745.92,Activo
1596,2022-12-31 02:35:10.240159,Usuario_74,B,976.77,Inactivo
2179,2022-12-31 02:35:10.240159,Usuario_94,C,939.32,Inactivo
2288,2022-12-31 02:35:10.240159,Usuario_30,C,493.17,Activo
9700,2022-12-31 02:35:10.240159,Usuario_85,C,650.09,Activo
8476,2022-12-31 02:35:10.240159,Usuario_52,A,734.75,Activo
6974,2023-01-31 02:35:10.240159,Usuario_85,B,582.17,Activo
5460,2023-01-31 02:35:10.240159,Usuario_82,B,872.85,Inactivo
4817,2023-01-31 02:35:10.240159,Usuario_97,C,401.69,Inactivo
5763,2023-01-31 02:35:10.240159,Usuario_99,B,507.5,Inactivo
3815,2023-01-31 02:35:10.240159,Usuario_62,C,683.28,Activo
2884,2023-01-31 02:35:10.240159,Usuario_57,C,265.29,Activo
7432,2023-01-31 02:35:10.240159,Usuario_89,B,425.17,Activo
3951,2023-01-31 02:35:10.240159,Usuario_59,C,499.96,Inactivo
2686,2023-01-31 02:35:10.240159,Usuario_12,C,692.34,Inactivo
6807,2023-01-31 02:35:10.240159,Usuario_39,C,694.92,Inactivo
1524,2023-01-31 02:35:10.240159,Usuario_87,C,703.9,Inactivo
1631,2023-01-31 02:35:10.240159,Usuario_44,A,370.29,Inactivo
1939,2023-01-31 02:35:10.240159,Usuario_35,A,295.76,Activo
1693,2023-01-31 02:35:10.240159,Usuario_61,B,436.64,Activo
3254,2023-01-31 02:35:10.240159,Usuario_5,B,512.78,Inactivo
6274,2023-01-31 02:35:10.240159,Usuario_39,B,233.31,Activo
1338,2023-01-31 02:35:10.240159,Usuario_85,C,599.5,Inactivo
3987,2023-01-31 02:35:10.240159,Usuario_14,A,152.71,Activo
1315,2023-01-31 02:35:10.240159,Usuario_15,C,110.95,Activo
6321,2023-01-31 02:35:10.240159,Usuario_15,A,400.54,Activo
4890,2023-02-28 02:35:10.240159,Usuario_71,C,487.21,Activo
4959,2023-02-28 02:35:10.240159,Usuario_17,C,612.5,Activo
7560,2023-02-28 02:35:10.240159,Usuario_90,B,87.92,Inactivo
1422,2023-02-28 02:35:10.240159,Usuario_34,B,24.55,Inactivo
2634,2023-02-28 02:35:10.240159,Usuario_48,A,54.99,Activo
1990,2023-02-28 02:35:10.240159,Usuario_3,A,62.84,Inactivo
5761,2023-02-28 02:35:10.240159,Usuario_38,C,891.55,Inactivo
1027,2023-02-28 02:35:10.240159,Usuario_83,C,145.79,Activo
6116,2023-02-28 02:35:10.240159,Usuario_21,A,179.53,Inactivo
5074,2023-02-28 02:35:10.240159,Usuario_49,B,597.05,Activo
9148,2023-02-28 02:35:10.240159,Usuario_13,C,69.36,Inactivo
3241,2023-02-28 02:35:10.240159,Usuario_75,A,284.62,Inactivo
4196,2023-02-28 02:35:10.240159,Usuario_50,A,122.28,Activo
3978,2023-02-28 02:35:10.240159,Usuario_31,A,452.68,Activo
1865,2023-02-28 02:35:10.240159,Usuario_70,C,276.71,Activo
5058,2023-02-28 02:35:10.240159,Usuario_71,A,764.75,Inactivo
6781,2023-02-28 02:35:10.240159,Usuario_61,C,994.31,Inactivo
7591,2023-02-28 02:35:10.240159,Usuario_20,C,360.63,Activo
3154,2023-02-28 02:35:10.240159,Usuario_36,B,354.12,Inactivo
5643,2023-02-28 02:35:10.240159,Usuario_98,B,856.79,Inactivo
2449,2023-03-31 02:35:10.240159,Usuario_62,A,707.7,Activo
4449,2023-03-31 02:35:10.240159,Usuario_36,A,797.26,Activo
5358,2023-03-31 02:35:10.240159,Usuario_56,A,308.07,Inactivo
2105,2023-03-31 02:35:10.240159,Usuario_88,C,865.79,Activo
3728,2023-03-31 02:35:10.240159,Usuario_88,C,581.06,Inactivo
9573,2023-03-31 02:35:10.240159,Usuario_7,B,487.29,Activo
6302,2023-03-31 02:35:10.240159,Usuario_1,A,259.7,Inactivo
5957,2023-03-31 02:35:10.240159,Usuario_27,A,367.85,Inactivo
9310,2023-03-31 02:35:10.240159,Usuario_91,A,352.05,Activo
9083,2023-03-31 02:35:10.240159,Usuario_24,C,130.79,Activo
8497,2023-03-31 02:35:10.240159,Usuario_24,C,588.83,Inactivo
6564,2023-03-31 02:35:10.240159,Usuario_84,C,835.7,Inactivo
2842,2023-03-31 02:35:10.240159,Usuario_90,C,178.14,Inactivo
3442,2023-03-31 02:35:10.240159,Usuario_60,C,444.94,Activo
6510,2023-03-31 02:35:10.240159,Usuario_35,C,973.83,Activo
3381,2023-03-31 02:35:10.240159,Usuario_48,A,589.22,Activo
5169,2023-03-31 02:35:10.240159,Usuario_10,C,974.12,Activo
7967,2023-03-31 02:35:10.240159,Usuario_52,A,177.71,Inactivo
5434,2023-03-31 02:35:10.240159,Usuario_53,A,735.36,Inactivo
9694,2023-03-31 02:35:10.240159,Usuario_72,C,474.67,Activo
1829,2023-04-30 02:35:10.240159,Usuario_78,A,61.98,Inactivo
9668,2023-04-30 02:35:10.240159,Usuario_77,A,833.63,Inactivo
4529,2023-04-30 02:35:10.240159,Usuario_82,C,662.49,Activo
8488,2023-04-30 02:35:10.240159,Usuario_4,B,937.49,Inactivo
8964,2023-04-30 02:35:10.240159,Usuario_53,A,624.43,Activo
8095,2023-04-30 02:35:10.240159,Usuario_11,C,80.16,Activo
7861,2023-04-30 02:35:10.240159,Usuario_44,C,678.92,Inactivo
2496,2023-04-30 02:35:10.240159,Usuario_5,C,420.84,Activo
8820,2023-04-30 02:35:10.240159,Usuario_21,C,835.15,Inactivo
2976,2023-04-30 02:35:10.240159,Usuario_6,B,506.79,Inactivo
1199,2023-04-30 02:35:10.240159,Usuario_35,A,678.55,Activo
3992,2023-04-30 02:35:10.240159,Usuario_71,A,964.86,Activo
2599,2023-04-30 02:35:10.240159,Usuario_78,A,343.67,Inactivo
8360,2023-04-30 02:35:10.240159,Usuario_78,A,699.72,Inactivo
2502,2023-04-30 02:35:10.240159,Usuario_41,C,40.31,Inactivo
1078,2023-04-30 02:35:10.240159,Usuario_94,B,554.49,Inactivo
5228,2023-04-30 02:35:10.240159,Usuario_65,B,515.89,Activo
8367,2023-04-30 02:35:10.240159,Usuario_68,B,630.05,Inactivo
3393,2023-04-30 02:35:10.240159,Usuario_96,A,811.85,Inactivo
9816,2023-04-30 02:35:10.240159,Usuario_86,A,546.5,Inactivo
9116,2023-05-31 02:35:10.240159,Usuario_66,A,396.35,Inactivo
9993,2023-05-31 02:35:10.240159,Usuario_69,A,699.19,Inactivo
9572,2023-05-31 02:35:10.240159,Usuario_24,C,911.09,Inactivo
2060,2023-05-31 02:35:10.240159,Usuario_59,B,594.05,Activo
1249,2023-05-31 02:35:10.240159,Usuario_34,B,10.8,Activo
6439,2023-05-31 02:35:10.240159,Usuario_54,A,510.22,Activo
2592,2023-05-31 02:35:10.240159,Usuario_51,A,442.59,Inactivo
9647,2023-05-31 02:35:10.240159,Usuario_49,B,722.15,Inactivo
2607,2023-05-31 02:35:10.240159,Usuario_67,C,21.74,Activo
1870,2023-05-31 02:35:10.240159,Usuario_69,C,281.72,Activo
8738,2023-05-31 02:35:10.240159,Usuario_54,C,824.99,Activo
6542,2023-05-31 02:35:10.240159,Usuario_30,C,814.88,Inactivo
8449,2023-05-31 02:35:10.240159,Usuario_84,A,15.29,Inactivo
5369,2023-05-31 02:35:10.240159,Usuario_8,B,148.34,Activo
7911,2023-05-31 02:35:10.240159,Usuario_96,C,47.64,Activo
9602,2023-05-31 02:35:10.240159,Usuario_62,B,100.11,Activo
6336,2023-05-31 02:35:10.240159,Usuario_90,A,238.95,Activo
5477,2023-05-31 02:35:10.240159,Usuario_83,C,409.16,Inactivo
9444,2023-05-31 02:35:10.240159,Usuario_60,B,487.99,Activo
8664,2023-05-31 02:35:10.240159,Usuario_63,B,155.91,Activo
7473,2023-06-30 02:35:10.240159,Usuario_50,C,907.31,Inactivo
6011,2023-06-30 02:35:10.240159,Usuario_33,B,472.56,Activo
9712,2023-06-30 02:35:10.240159,Usuario_66,C,507.32,Inactivo
2606,2023-06-30 02:35:10.240159,Usuario_61,A,696.37,Inactivo
5072,2023-06-30 02:35:10.240159,Usuario_28,B,85.72,Inactivo
3808,2023-06-30 02:35:10.240159,Usuario_27,A,297.08,Activo
5539,2023-06-30 02:35:10.240159,Usuario_84,A,717.52,Activo
9935,2023-06-30 02:35:10.240159,Usuario_12,C,56.85,Activo
7087,2023-06-30 02:35:10.240159,Usuario_63,B,100.27,Activo
6472,2023-06-30 02:35:10.240159,Usuario_94,A,489.97,Activo
7467,2023-06-30 02:35:10.240159,Usuario_97,B,911.79,Inactivo
6955,2023-06-30 02:35:10.240159,Usuario_57,B,808.9,Inactivo
2359,2023-06-30 02:35:10.240159,Usuario_97,C,823.72,Inactivo
7580,2023-06-30 02:35:10.240159,Usuario_90,A,98.97,Inactivo
7688,2023-06-30 02:35:10.240159,Usuario_55,B,759.23,Activo
7048,2023-06-30 02:35:10.240159,Usuario_29,A,23.4,Activo
3462,2023-06-30 02:35:10.240159,Usuario_95,C,997.51,Activo
6665,2023-06-30 02:35:10.240159,Usuario_36,C,740.02,Inactivo
1838,2023-06-30 02:35:10.240159,Usuario_48,B,326.49,Activo
8410,2023-06-30 02:35:10.240159,Usuario_43,B,914.58,Inactivo
9769,2023-07-31 02:35:10.240159,Usuario_18,C,435.24,Activo
7093,2023-07-31 02:35:10.240159,Usuario_80,B,47.77,Inactivo
6706,2023-07-31 02:35:10.240159,Usuario_88,A,276.01,Inactivo
5477,2023-07-31 02:35:10.240159,Usuario_37,B,57.79,Activo
6112,2023-07-31 02:35:10.240159,Usuario_88,C,75.54,Activo
8869,2023-07-31 02:35:10.240159,Usuario_58,C,911.34,Inactivo
4114,2023-07-31 02:35:10.240159,Usuario_70,A,379.06,Inactivo
5987,2023-07-31 02:35:10.240159,Usuario_91,B,124.29,Inactivo
7961,2023-07-31 02:35:10.240159,Usuario_13,B,309.19,Activo
2966,2023-07-31 02:35:10.240159,Usuario_44,C,498.34,Activo
5396,2023-07-31 02:35:10.240159,Usuario_42,B,822.14,Activo
5546,2023-07-31 02:35:10.240159,Usuario_12,A,636.88,Inactivo
5866,2023-07-31 02:35:10.240159,Usuario_24,B,393.01,Activo
1380,2023-07-31 02:35:10.240159,Usuario_12,C,408.89,Inactivo
6158,2023-07-31 02:35:10.240159,Usuario_13,C,326.11,Inactivo
5455,2023-07-31 02:35:10.240159,Usuario_26,A,433.21,Activo
7374,2023-07-31 02:35:10.240159,Usuario_29,B,922.33,Inactivo
1967,2023-07-31 02:35:10.240159,Usuario_81,B,151.38,Inactivo
4969,2023-07-31 02:35:10.240159,Usuario_79,A,217.82,Activo
3301,2023-07-31 02:35:10.240159,Usuario_83,B,264.69,Activo
3173,2023-08-31 02:35:10.240159,Usuario_60,C,250.91,Activo
2337,2023-08-31 02:35:10.240159,Usuario_55,B,27.29,Inactivo
7956,2023-08-31 02:35:10.240159,Usuario_64,C,275.77,Activo
2135,2023-08-31 02:35:10.240159,Usuario_93,C,30.73,Activo
4590,2023-08-31 02:35:10.240159,Usuario_24,C,888.37,Activo
5035,2023-08-31 02:35:10.240159,Usuario_16,B,80.57,Inactivo
6818,2023-08-31 02:35:10.240159,Usuario_15,C,638.53,Activo
3864,2023-08-31 02:35:10.240159,Usuario_40,B,152.05,Activo
7376,2023-08-31 02:35:10.240159,Usuario_38,A,859.65,Inactivo
9805,2023-08-31 02:35:10.240159,Usuario_5,A,19.54,Inactivo
8038,2023-08-31 02:35:10.240159,Usuario_26,A,229.67,Activo
5638,2023-08-31 02:35:10.240159,Usuario_27,B,732.5,Inactivo
5593,2023-08-31 02:35:10.240159,Usuario_91,C,490.58,Activo
1933,2023-08-31 02:35:10.240159,Usuario_54,B,837.08,Inactivo
2725,2023-08-31 02:35:10.240159,Usuario_44,C,667.76,Activo
7545,2023-08-31 02:35:10.240159,Usuario_68,A,662.55,Inactivo
9540,2023-08-31 02:35:10.240159,Usuario_79,A,14.12,Inactivo
6938,2023-08-31 02:35:10.240159,Usuario_70,C,671.99,Inactivo
2378,2023-08-31 02:35:10.240159,Usuario_35,B,485.71,Inactivo
6425,2023-08-31 02:35:10.240159,Usuario_98,C,312.92,Inactivo
4237,2023-09-30 02:35:10.240159,Usuario_57,A,315.79,Inactivo
2263,2023-09-30 02:35:10.240159,Usuario_82,C,436.91,Inactivo
4417,2023-09-30 02:35:10.240159,Usuario_90,A,485.14,Inactivo
6493,2023-09-30 02:35:10.240159,Usuario_63,B,401.76,Inactivo
5967,2023-09-30 02:35:10.240159,Usuario_2,C,376.87,Inactivo
6168,2023-09-30 02:35:10.240159,Usuario_91,A,39.76,Activo
9452,2023-09-30 02:35:10.240159,Usuario_42,B,892.48,Activo
6250,2023-09-30 02:35:10.240159,Usuario_6,B,927.49,Inactivo
4568,2023-09-30 02:35:10.240159,Usuario_39,B,249.79,Inactivo
1579,2023-09-30 02:35:10.240159,Usuario_3,B,796.94,Activo
9513,2023-09-30 02:35:10.240159,Usuario_91,B,687.27,Inactivo
5242,2023-09-30 02:35:10.240159,Usuario_61,B,207.28,Activo
7200,2023-09-30 02:35:10.240159,Usuario_91,B,326.07,Activo
5276,2023-09-30 02:35:10.240159,Usuario_37,A,718.93,Inactivo
1564,2023-09-30 02:35:10.240159,Usuario_95,C,716.81,Activo
5799,2023-09-30 02:35:10.240159,Usuario_23,C,957.51,Inactivo
1739,2023-09-30 02:35:10.240159,Usuario_97,C,678.71,Inactivo
3916,2023-09-30 02:35:10.240159,Usuario_85,B,171.23,Inactivo
7579,2023-09-30 02:35:10.240159,Usuario_75,A,620.07,Activo
1456,2023-09-30 02:35:10.240159,Usuario_45,C,330.31,Inactivo
9778,2023-10-31 02:35:10.240159,Usuario_89,C,72.23,Activo
3042,2023-10-31 02:35:10.240159,Usuario_24,C,115.02,Inactivo
1693,2023-10-31 02:35:10.240159,Usuario_32,C,382.4,Inactivo
5177,2023-10-31 02:35:10.240159,Usuario_76,B,697.76,Inactivo
3948,2023-10-31 02:35:10.240159,Usuario_46,B,509.86,Activo
8699,2023-10-31 02:35:10.240159,Usuario_17,A,728.27,Inactivo
2362,2023-10-31 02:35:10.240159,Usuario_49,B,793.13,Activo
8740,2023-10-31 02:35:10.240159,Usuario_12,C,923.13,Activo
2363,2023-10-31 02:35:10.240159,Usuario_23,B,830.2,Inactivo
5521,2023-10-31 02:35:10.240159,Usuario_80,B,479.43,Inactivo
1037,2023-10-31 02:35:10.240159,Usuario_53,B,244.75,Activo
3069,2023-10-31 02:35:10.240159,Usuario_94,C,79.33,Inactivo
3281,2023-10-31 02:35:10.240159,Usuario_68,C,346.93,Inactivo
2568,2023-10-31 02:35:10.240159,Usuario_2,B,310.98,Inactivo
6892,2023-10-31 02:35:10.240159,Usuario_53,B,788.1,Inactivo
4682,2023-10-31 02:35:10.240159,Usuario_60,B,293.07,Activo
3119,2023-10-31 02:35:10.240159,Usuario_36,A,556.16,Activo
5591,2023-10-31 02:35:10.240159,Usuario_59,B,329.87,Activo
1687,2023-10-31 02:35:10.240159,Usuario_10,A,529.52,Inactivo
1706,2023-10-31 02:35:10.240159,Usuario_13,A,378.52,Activo
9602,2023-11-30 02:35:10.240159,Usuario_14,C,648.41,Inactivo
3488,2023-11-30 02:35:10.240159,Usuario_7,A,687.28,Inactivo
7333,2023-11-30 02:35:10.240159,Usuario_63,A,883.94,Inactivo
7792,2023-11-30 02:35:10.240159,Usuario_97,C,48.39,Inactivo
1717,2023-11-30 02:35:10.240159,Usuario_32,C,772.29,Inactivo
3570,2023-11-30 02:35:10.240159,Usuario_54,C,921.57,Activo
6039,2023-11-30 02:35:10.240159,Usuario_16,A,106.34,Activo
1593,2023-11-30 02:35:10.240159,Usuario_7,A,504.89,Inactivo
4484,2023-11-30 02:35:10.240159,Usuario_68,B,319.58,Inactivo
8518,2023-11-30 02:35:10.240159,Usuario_92,C,899.07,Inactivo
2714,2023-11-30 02:35:10.240159,Usuario_33,C,412.07,Inactivo
5793,2023-11-30 02:35:10.240159,Usuario_53,B,875.41,Inactivo
1145,2023-11-30 02:35:10.240159,Usuario_27,A,822.57,Inactivo
8405,2023-11-30 02:35:10.240159,Usuario_72,B,500.88,Inactivo
1173,2023-11-30 02:35:10.240159,Usuario_77,C,524.17,Inactivo
8771,2023-11-30 02:35:10.240159,Usuario_35,A,630.71,Inactivo
2484,2023-11-30 02:35:10.240159,Usuario_60,A,284.21,Activo
2903,2023-11-30 02:35:10.240159,Usuario_2,B,906.65,Activo
2481,2023-11-30 02:35:10.240159,Usuario_76,A,224.16,Activo
9656,2023-11-30 02:35:10.240159,Usuario_3,A,865.34,Inactivo
7191,2023-12-31 02:35:10.240159,Usuario_61,B,393.92,Inactivo
8122,2023-12-31 02:35:10.240159,Usuario_82,B,687.73,Inactivo
8552,2023-12-31 02:35:10.240159,Usuario_38,C,528.08,Inactivo
5972,2023-12-31 02:35:10.240159,Usuario_12,B,379.83,Activo
6502,2023-12-31 02:35:10.240159,Usuario_60,B,210.62,Inactivo
1539,2023-12-31 02:35:10.240159,Usuario_48,B,61.52,Inactivo
5922,2023-12-31 02:35:10.240159,Usuario_93,B,127.45,Activo
7036,2023-12-31 02:35:10.240159,Usuario_59,A,189.59,Inactivo
8799,2023-12-31 02:35:10.240159,Usuario_7,C,11.76,Inactivo
5354,2023-12-31 02:35:10.240159,Usuario_95,B,432.25,Inactivo
7718,2023-12-31 02:35:10.240159,Usuario_87,B,331.18,Activo
3184,2023-12-31 02:35:10.240159,Usuario_40,A,650.0,Activo
7590,2023-12-31 02:35:10.240159,Usuario_81,A,529.97,Activo
7189,2023-12-31 02:35:10.240159,Usuario_10,C,822.46,Activo
4405,2023-12-31 02:35:10.240159,Usuario_26,A,948.0,Activo
3206,2023-12-31 02:35:10.240159,Usuario_41,B,263.63,Activo
5201,2023-12-31 02:35:10.240159,Usuario_63,C,616.62,Activo
5839,2023-12-31 02:35:10.240159,Usuario_75,A,123.19,Inactivo
7764,2023-12-31 02:35:10.240159,Usuario_47,C,812.57,Inactivo
6534,2023-12-31 02:35:10.240159,Usuario_41,C,999.0,Activo
7946,2024-01-31 02:35:10.240159,Usuario_15,C,992.87,Inactivo
4523,2024-01-31 02:35:10.240159,Usuario_33,C,342.13,Activo
7704,2024-01-31 02:35:10.240159,Usuario_12,A,249.29,Inactivo
1653,2024-01-31 02:35:10.240159,Usuario_58,B,259.87,Inactivo
8447,2024-01-31 02:35:10.240159,Usuario_88,C,14.01,Activo
9214,2024-01-31 02:35:10.240159,Usuario_93,C,74.22,Activo
3079,2024-01-31 02:35:10.240159,Usuario_11,A,969.02,Inactivo
5038,2024-01-31 02:35:10.240159,Usuario_23,A,361.29,Inactivo
3143,2024-01-31 02:35:10.240159,Usuario_4,A,605.53,Inactivo
8058,2024-01-31 02:35:10.240159,Usuario_44,B,102.24,Activo
4894,2024-01-31 02:35:10.240159,Usuario_38,C,208.47,Activo
1528,2024-01-31 02:35:10.240159,Usuario_3,A,966.95,Inactivo
6380,2024-01-31 02:35:10.240159,Usuario_36,A,185.57,Activo
9183,2024-01-31 02:35:10.240159,Usuario_26,A,882.85,Inactivo
9775,2024-01-31 02:35:10.240159,Usuario_37,B,112.12,Inactivo
7175,2024-01-31 02:35:10.240159,Usuario_53,A,46.82,Inactivo
7556,2024-01-31 02:35:10.240159,Usuario_75,C,131.25,Inactivo
3244,2024-01-31 02:35:10.240159,Usuario_29,A,233.03,Inactivo
8766,2024-01-31 02:35:10.240159,Usuario_32,B,958.54,Inactivo
2797,2024-01-31 02:35:10.240159,Usuario_2,C,504.26,Activo
2898,2024-02-29 02:35:10.240159,Usuario_81,B,155.05,Inactivo
7859,2024-02-29 02:35:10.240159,Usuario_7,C,814.48,Inactivo
4205,2024-02-29 02:35:10.240159,Usuario_31,A,10.69,Activo
3004,2024-02-29 02:35:10.240159,Usuario_70,C,92.6,Inactivo
4097,2024-02-29 02:35:10.240159,Usuario_66,B,262.67,Inactivo
5710,2024-02-29 02:35:10.240159,Usuario_84,B,578.65,Inactivo
5643,2024-02-29 02:35:10.240159,Usuario_42,C,579.81,Inactivo
9224,2024-02-29 02:35:10.240159,Usuario_56,B,40.2,Activo
7495,2024-02-29 02:35:10.240159,Usuario_17,C,278.1,Inactivo
2461,2024-02-29 02:35:10.240159,Usuario_95,C,736.75,Activo
1271,2024-02-29 02:35:10.240159,Usuario_8,C,603.23,Inactivo
2401,2024-02-29 02:35:10.240159,Usuario_26,A,191.81,Inactivo
2022,2024-02-29 02:35:10.240159,Usuario_80,B,386.51,Inactivo
1495,2024-02-29 02:35:10.240159,Usuario_85,B,532.49,Activo
1159,2024-02-29 02:35:10.240159,Usuario_39,A,104.61,Activo
1549,2024-02-29 02:35:10.240159,Usuario_70,C,272.13,Inactivo
8334,2024-02-29 02:35:10.240159,Usuario_64,B,415.38,Activo
1444,2024-02-29 02:35:10.240159,Usuario_18,B,289.11,Inactivo
4814,2024-02-29 02:35:10.240159,Usuario_54,B,491.0,Activo
6266,2024-02-29 02:35:10.240159,Usuario_97,A,894.17,Activo
9582,2024-03-31 02:35:10.240159,Usuario_61,C,503.16,Inactivo
4878,2024-03-31 02:35:10.240159,Usuario_60,A,842.0,Activo
6549,2024-03-31 02:35:10.240159,Usuario_76,A,397.73,Activo
2800,2024-03-31 02:35:10.240159,Usuario_55,B,588.21,Inactivo
4567,2024-03-31 02:35:10.240159,Usuario_13,B,882.22,Inactivo
6759,2024-03-31 02:35:10.240159,Usuario_87,B,513.78,Activo
5117,2024-03-31 02:35:10.240159,Usuario_17,C,919.78,Inactivo
6415,2024-03-31 02:35:10.240159,Usuario_94,C,173.28,Activo
5846,2024-03-31 02:35:10.240159,Usuario_42,B,205.88,Inactivo
1688,2024-03-31 02:35:10.240159,Usuario_10,B,376.07,Inactivo
1903,2024-03-31 02:35:10.240159,Usuario_84,B,687.16,Inactivo
6297,2024-03-31 02:35:10.240159,Usuario_85,B,26.68,Inactivo
6214,2024-03-31 02:35:10.240159,Usuario_48,B,318.65,Activo
5165,2024-03-31 02:35:10.240159,Usuario_65,B,705.86,Activo
5599,2024-03-31 02:35:10.240159,Usuario_74,B,836.07,Activo
2562,2024-03-31 02:35:10.240159,Usuario_17,A,240.18,Activo
9924,2024-03-31 02:35:10.240159,Usuario_53,C,967.24,Inactivo
6640,2024-03-31 02:35:10.240159,Usuario_28,B,62.18,Activo
2936,2024-03-31 02:35:10.240159,Usuario_59,A,467.59,Activo
7831,2024-03-31 02:35:10.240159,Usuario_40,B,442.45,Activo
6314,2024-04-30 02:35:10.240159,Usuario_32,B,776.98,Activo
6823,2024-04-30 02:35:10.240159,Usuario_9,C,498.27,Activo
9698,2024-04-30 02:35:10.240159,Usuario_68,A,834.4,Activo
5361,2024-04-30 02:35:10.240159,Usuario_58,B,348.07,Inactivo
8453,2024-04-30 02:35:10.240159,Usuario_93,C,853.69,Inactivo
4347,2024-04-30 02:35:10.240159,Usuario_5,A,295.29,Inactivo
6297,2024-04-30 02:35:10.240159,Usuario_19,C,290.97,Activo
9583,2024-04-30 02:35:10.240159,Usuario_63,C,428.26,Inactivo
6214,2024-04-30 02:35:10.240159,Usuario_23,A,549.03,Activo
3143,2024-04-30 02:35:10.240159,Usuario_87,C,816.82,Inactivo
1062,2024-04-30 02:35:10.240159,Usuario_99,A,159.73,Activo
7900,2024-04-30 02:35:10.240159,Usuario_3,C,408.9,Inactivo
6398,2024-04-30 02:35:10.240159,Usuario_83,C,516.73,Activo
3643,2024-04-30 02:35:10.240159,Usuario_92,C,150.85,Inactivo
6227,2024-04-30 02:35:10.240159,Usuario_16,A,646.83,Inactivo
5420,2024-04-30 02:35:10.240159,Usuario_85,C,20.62,Activo
6492,2024-04-30 02:35:10.240159,Usuario_40,A,266.26,Inactivo
1744,2024-04-30 02:35:10.240159,Usuario_1,A,437.87,Activo
4192,2024-04-30 02:35:10.240159,Usuario_89,B,889.52,Activo
9719,2024-04-30 02:35:10.240159,Usuario_35,A,717.63,Inactivo
1611,2024-05-31 02:35:10.240159,Usuario_70,C,800.69,Activo
4674,2024-05-31 02:35:10.240159,Usuario_75,B,587.8,Activo
9542,2024-05-31 02:35:10.240159,Usuario_88,B,728.29,Activo
2090,2024-05-31 02:35:10.240159,Usuario_48,C,547.36,Activo
5590,2024-05-31 02:35:10.240159,Usuario_53,A,500.33,Activo
8740,2024-05-31 02:35:10.240159,Usuario_3,C,536.69,Inactivo
2659,2024-05-31 02:35:10.240159,Usuario_48,A,706.44,Activo
3957,2024-05-31 02:35:10.240159,Usuario_52,B,522.97,Inactivo
5516,2024-05-31 02:35:10.240159,Usuario_31,C,147.22,Activo
9778,2024-05-31 02:35:10.240159,Usuario_11,B,166.51,Inactivo
5308,2024-05-31 02:35:10.240159,Usuario_98,A,843.36,Inactivo
2735,2024-05-31 02:35:10.240159,Usuario_43,C,301.11,Activo
3468,2024-05-31 02:35:10.240159,Usuario_53,B,862.99,Inactivo
2847,2024-05-31 02:35:10.240159,Usuario_33,B,864.1,Activo
9708,2024-05-31 02:35:10.240159,Usuario_38,B,583.95,Activo
4753,2024-05-31 02:35:10.240159,Usuario_41,A,420.56,Inactivo
4264,2024-05-31 02:35:10.240159,Usuario_25,C,858.75,Activo
2573,2024-05-31 02:35:10.240159,Usuario_75,C,825.47,Activo
8229,2024-05-31 02:35:10.240159,Usuario_15,B,475.11,Inactivo
7428,2024-05-31 02:35:10.240159,Usuario_5,A,501.02,Inactivo
3376,2024-06-30 02:35:10.240159,Usuario_94,B,388.73,Activo
5734,2024-06-30 02:35:10.240159,Usuario_8,A,998.08,Activo
5585,2024-06-30 02:35:10.240159,Usuario_55,B,419.19,Inactivo
6821,2024-06-30 02:35:10.240159,Usuario_50,B,914.89,Inactivo
4638,2024-06-30 02:35:10.240159,Usuario_21,B,223.82,Activo
7065,2024-06-30 02:35:10.240159,Usuario_96,A,149.28,Inactivo
1173,2024-06-30 02:35:10.240159,Usuario_21,A,11.51,Activo
7766,2024-06-30 02:35:10.240159,Usuario_75,A,847.51,Inactivo
7398,2024-06-30 02:35:10.240159,Usuario_94,A,241.42,Activo
6506,2024-06-30 02:35:10.240159,Usuario_51,A,393.18,Activo
8727,2024-06-30 02:35:10.240159,Usuario_57,A,613.92,Activo
5627,2024-06-30 02:35:10.240159,Usuario_96,A,959.22,Inactivo
9180,2024-06-30 02:35:10.240159,Usuario_52,C,601.95,Activo
3541,2024-06-30 02:35:10.240159,Usuario_67,A,81.55,Inactivo
6395,2024-06-30 02:35:10.240159,Usuario_12,A,250.0,Activo
6104,2024-06-30 02:35:10.240159,Usuario_97,B,921.82,Inactivo
3561,2024-06-30 02:35:10.240159,Usuario_25,A,239.97,Activo
7886,2024-06-30 02:35:10.240159,Usuario_3,B,544.43,Inactivo
5549,2024-06-30 02:35:10.240159,Usuario_71,B,441.04,Activo
9507,2024-06-30 02:35:10.240159,Usuario_62,A,124.29,Activo
8508,2024-07-31 02:35:10.240159,Usuario_57,C,455.18,Inactivo
1864,2024-07-31 02:35:10.240159,Usuario_86,C,985.81,Inactivo
1037,2024-07-31 02:35:10.240159,Usuario_78,A,797.71,Activo
6617,2024-07-31 02:35:10.240159,Usuario_7,C,147.14,Inactivo
9948,2024-07-31 02:35:10.240159,Usuario_29,C,845.88,Inactivo
5648,2024-07-31 02:35:10.240159,Usuario_73,A,169.96,Inactivo
5182,2024-07-31 02:35:10.240159,Usuario_96,C,948.13,Activo
6491,2024-07-31 02:35:10.240159,Usuario_93,C,937.67,Inactivo
9485,2024-07-31 02:35:10.240159,Usuario_36,B,876.24,Activo
3971,2024-07-31 02:35:10.240159,Usuario_10,A,697.07,Inactivo
8138,2024-07-31 02:35:10.240159,Usuario_7,B,376.72,Activo
2619,2024-07-31 02:35:10.240159,Usuario_13,A,470.47,Activo
5911,2024-07-31 02:35:10.240159,Usuario_75,A,471.25,Activo
7053,2024-07-31 02:35:10.240159,Usuario_83,C,219.16,Inactivo
3550,2024-07-31 02:35:10.240159,Usuario_12,A,14.13,Inactivo
3743,2024-07-31 02:35:10.240159,Usuario_34,A,914.4,Inactivo
4294,2024-07-31 02:35:10.240159,Usuario_98,B,879.46,Inactivo
3151,2024-07-31 02:35:10.240159,Usuario_32,A,307.64,Inactivo
2978,2024-07-31 02:35:10.240159,Usuario_94,A,420.88,Inactivo
5425,2024-07-31 02:35:10.240159,Usuario_12,C,657.35,Activo
1628,2024-08-31 02:35:10.240159,Usuario_17,C,303.92,Activo
5406,2024-08-31 02:35:10.240159,Usuario_5,B,150.35,Activo
5517,2024-08-31 02:35:10.240159,Usuario_21,C,736.08,Activo
6409,2024-08-31 02:35:10.240159,Usuario_59,C,631.86,Activo
5154,2024-08-31 02:35:10.240159,Usuario_4,A,66.2,Activo
5898,2024-08-31 02:35:10.240159,Usuario_96,C,499.43,Inactivo
1770,2024-08-31 02:35:10.240159,Usuario_48,C,439.82,Activo
4324,2024-08-31 02:35:10.240159,Usuario_1,A,375.15,Activo
9308,2024-08-31 02:35:10.240159,Usuario_45,B,947.97,Inactivo
4171,2024-08-31 02:35:10.240159,Usuario_32,B,200.17,Activo
2338,2024-08-31 02:35:10.240159,Usuario_55,C,657.71,Activo
1584,2024-08-31 02:35:10.240159,Usuario_98,A,389.21,Inactivo
2833,2024-08-31 02:35:10.240159,Usuario_82,B,10.49,Activo
5665,2024-08-31 02:35:10.240159,Usuario_2,C,982.32,Activo
5438,2024-08-31 02:35:10.240159,Usuario_20,A,68.39,Inactivo
3908,2024-08-31 02:35:10.240159,Usuario_99,B,181.25,Inactivo
5731,2024-08-31 02:35:10.240159,Usuario_24,A,245.6,Activo
9089,2024-08-31 02:35:10.240159,Usuario_51,B,172.91,Inactivo
9988,2024-08-31 02:35:10.240159,Usuario_18,A,519.89,Activo
5436,2024-08-31 02:35:10.240159,Usuario_25,B,257.79,Inactivo
